{"cameraMode":{"drawMode":0,"name":"Shaded","section":"Shading Mode"},"sceneLighting":true,"audioPlay":false,"sceneViewState":{"showFog":true,"showMaterialUpdate":false,"showSkybox":true,"showFlares":true,"showImageEffects":true,"showParticleSystems":true},"in2DMode":false,"pivot":{"x":-4.649744987487793,"y":-10.020292282104493,"z":5.162069320678711},"rotation":{"x":0.010461706668138504,"y":0.9233015775680542,"z":-0.3831046223640442,"w":0.025213202461600305},"size":28.760133743286134,"orthographic":false}