{"cameraMode":{"drawMode":0,"name":"Shaded","section":"Shading Mode"},"sceneLighting":true,"audioPlay":false,"sceneViewState":{"showFog":true,"showMaterialUpdate":false,"showSkybox":true,"showFlares":true,"showImageEffects":true,"showParticleSystems":true},"in2DMode":false,"pivot":{"x":-98.93033599853516,"y":-88.33649444580078,"z":-99.64903259277344},"rotation":{"x":-0.0968935564160347,"y":0.895987868309021,"z":-0.24104976654052735,"w":-0.3601556420326233},"size":103.71990966796875,"orthographic":false}